{
    "Tag": 2,
    "HasCleared": false,
    "title": "Clair de Lune",
    "composer": "Claude Debussy",
    "noteCnt": 47,
    "second": [
        0.625,
        0.625,
        2.5,
        1.875,
        0.625,
        0.625,
        0.625,
        3.75,
        0.625,
        0.625,
        0.625,
        0.9380000233650208,
        1.875,
        0.9380000233650208,
        0.625,
        0.625,
        0.625,
        3.75,
        0.6119999885559082,
        0.6119999885559082,
        0.6119999885559082,
        0.6119999885559082,
        0.6119999885559082,
        0.6119999885559082,
        0.6119999885559082,
        0.6119999885559082,
        0.6119999885559082,
        0.6119999885559082,
        0.6119999885559082,
        0.6119999885559082,
        1.8370000123977662,
        1.8370000123977662,
        0.6000000238418579,
        0.6000000238418579,
        0.6000000238418579,
        0.6000000238418579,
        0.6000000238418579,
        0.6000000238418579,
        0.6000000238418579,
        0.6000000238418579,
        0.6000000238418579,
        0.6000000238418579,
        0.6000000238418579,
        0.6000000238418579,
        1.7999999523162842,
        0.8999999761581421,
        0.8999999761581421
    ],
    "size": [
        5.0,
        7.0,
        6.0,
        5.0,
        6.0,
        7.0,
        5.0,
        5.0,
        6.0,
        7.0,
        6.0,
        8.0,
        6.0,
        5.0,
        6.0,
        7.0,
        6.0,
        4.0,
        4.0,
        5.0,
        7.0,
        4.0,
        3.0,
        4.0,
        3.0,
        3.0,
        4.0,
        4.0,
        4.0,
        6.0,
        6.0,
        4.0,
        4.0,
        5.0,
        7.0,
        4.0,
        3.0,
        4.0,
        3.0,
        3.0,
        4.0,
        4.0,
        4.0,
        6.0,
        6.0,
        5.0,
        5.0
    ],
    "duration": [
        1.0,
        1.0,
        1.0,
        1.0,
        1.0,
        1.0,
        1.0,
        1.0,
        1.0,
        1.0,
        1.0,
        1.0,
        1.0,
        1.0,
        1.0,
        1.0,
        1.0,
        1.0,
        1.0,
        1.0,
        1.0,
        1.0,
        1.0,
        1.0,
        1.0,
        1.0,
        1.0,
        1.0,
        1.0,
        1.0,
        1.0,
        1.0,
        1.0,
        1.0,
        1.0,
        1.0,
        1.0,
        1.0,
        1.0,
        1.0,
        1.0,
        1.0,
        1.0,
        1.0,
        1.0,
        1.0,
        1.0
    ],
    "direction": [
        0,
        1,
        0,
        0,
        2,
        3,
        1,
        1,
        2,
        3,
        0,
        2,
        2,
        2,
        3,
        1,
        0,
        0,
        2,
        2,
        3,
        1,
        0,
        2,
        1,
        3,
        3,
        1,
        1,
        0,
        0,
        0,
        2,
        2,
        3,
        1,
        0,
        2,
        1,
        3,
        3,
        1,
        1,
        2,
        2,
        1,
        0
    ],
    "isLast": [
        false,
        false,
        false,
        false,
        false,
        false,
        false,
        false,
        false,
        false,
        false,
        false,
        false,
        false,
        false,
        false,
        false,
        false,
        false,
        false,
        false,
        false,
        false,
        false,
        false,
        false,
        false,
        false,
        false,
        false,
        false,
        false,
        false,
        false,
        false,
        false,
        false,
        false,
        false,
        false,
        false,
        false,
        false,
        false,
        false,
        false,
        true
    ]
}